{
  "feature_names": [
    "attempts",
    "correct_ratio",
    "avg_time_sec",
    "hint_rate",
    "repeat_rate"
  ],
  "mean": [
    15.118461538461538,
    0.5035507153042308,
    29.141111096042305,
    0.32694281054692304,
    0.2785467618676923
  ],
  "scale": [
    5.713799552438271,
    0.29280115931381767,
    6.699053203381335,
    0.14507660257150443,
    0.1367977911177692
  ],
  "coef": [
    0.08317540912288152,
    -3.6136257561377287,
    0.5394984970926697,
    1.2168431523281662,
    1.478482152091043
  ],
  "intercept": -1.0384635982860282
}